Id,Name,Email
1,User1,user1@lpnu.ua
2,User2,user2@lpnu.ua
3,User3,user3@lpnu.ua
4,User4,user4@lpnu.ua
5,User5,user5@lpnu.ua
6,User6,user6@lpnu.ua
7,User7,user7@lpnu.ua
8,User8,user8@lpnu.ua
9,User9,user9@lpnu.ua
10,User10,user10@lpnu.ua
11,User11,user11@lpnu.ua
12,User12,user12@lpnu.ua
13,User13,user13@lpnu.ua
14,User14,user14@lpnu.ua
15,User15,user15@lpnu.ua
16,User16,user16@lpnu.ua
17,User17,user17@lpnu.ua
18,User18,user18@lpnu.ua
19,User19,user19@lpnu.ua
20,User20,user20@lpnu.ua
21,User21,user21@lpnu.ua
22,User22,user22@lpnu.ua
23,User23,user23@lpnu.ua
24,User24,user24@lpnu.ua
25,User25,user25@lpnu.ua
26,User26,user26@lpnu.ua
27,User27,user27@lpnu.ua
28,User28,user28@lpnu.ua
29,User29,user29@lpnu.ua
30,User30,user30@lpnu.ua
31,User31,user31@lpnu.ua
32,User32,user32@lpnu.ua
33,User33,user33@lpnu.ua
34,User34,user34@lpnu.ua
35,User35,user35@lpnu.ua
36,User36,user36@lpnu.ua
37,User37,user37@lpnu.ua
38,User38,user38@lpnu.ua
39,User39,user39@lpnu.ua
40,User40,user40@lpnu.ua
41,User41,user41@lpnu.ua
42,User42,user42@lpnu.ua
43,User43,user43@lpnu.ua
44,User44,user44@lpnu.ua
45,User45,user45@lpnu.ua
46,User46,user46@lpnu.ua
47,User47,user47@lpnu.ua
48,User48,user48@lpnu.ua
49,User49,user49@lpnu.ua
50,User50,user50@lpnu.ua
51,User51,user51@lpnu.ua
52,User52,user52@lpnu.ua
53,User53,user53@lpnu.ua
54,User54,user54@lpnu.ua
55,User55,user55@lpnu.ua
56,User56,user56@lpnu.ua
57,User57,user57@lpnu.ua
58,User58,user58@lpnu.ua
59,User59,user59@lpnu.ua
60,User60,user60@lpnu.ua
61,User61,user61@lpnu.ua
62,User62,user62@lpnu.ua
63,User63,user63@lpnu.ua
64,User64,user64@lpnu.ua
65,User65,user65@lpnu.ua
66,User66,user66@lpnu.ua
67,User67,user67@lpnu.ua
68,User68,user68@lpnu.ua
69,User69,user69@lpnu.ua
70,User70,user70@lpnu.ua
71,User71,user71@lpnu.ua
72,User72,user72@lpnu.ua
73,User73,user73@lpnu.ua
74,User74,user74@lpnu.ua
75,User75,user75@lpnu.ua
76,User76,user76@lpnu.ua
77,User77,user77@lpnu.ua
78,User78,user78@lpnu.ua
79,User79,user79@lpnu.ua
80,User80,user80@lpnu.ua
81,User81,user81@lpnu.ua
82,User82,user82@lpnu.ua
83,User83,user83@lpnu.ua
84,User84,user84@lpnu.ua
85,User85,user85@lpnu.ua
86,User86,user86@lpnu.ua
87,User87,user87@lpnu.ua
88,User88,user88@lpnu.ua
89,User89,user89@lpnu.ua
90,User90,user90@lpnu.ua
91,User91,user91@lpnu.ua
92,User92,user92@lpnu.ua
93,User93,user93@lpnu.ua
94,User94,user94@lpnu.ua
95,User95,user95@lpnu.ua
96,User96,user96@lpnu.ua
97,User97,user97@lpnu.ua
98,User98,user98@lpnu.ua
99,User99,user99@lpnu.ua
100,User100,user100@lpnu.ua
101,User101,user101@lpnu.ua
102,User102,user102@lpnu.ua
103,User103,user103@lpnu.ua
104,User104,user104@lpnu.ua
105,User105,user105@lpnu.ua
106,User106,user106@lpnu.ua
107,User107,user107@lpnu.ua
108,User108,user108@lpnu.ua
109,User109,user109@lpnu.ua
110,User110,user110@lpnu.ua
111,User111,user111@lpnu.ua
112,User112,user112@lpnu.ua
113,User113,user113@lpnu.ua
114,User114,user114@lpnu.ua
115,User115,user115@lpnu.ua
116,User116,user116@lpnu.ua
117,User117,user117@lpnu.ua
118,User118,user118@lpnu.ua
119,User119,user119@lpnu.ua
120,User120,user120@lpnu.ua
121,User121,user121@lpnu.ua
122,User122,user122@lpnu.ua
123,User123,user123@lpnu.ua
124,User124,user124@lpnu.ua
125,User125,user125@lpnu.ua
126,User126,user126@lpnu.ua
127,User127,user127@lpnu.ua
128,User128,user128@lpnu.ua
129,User129,user129@lpnu.ua
130,User130,user130@lpnu.ua
131,User131,user131@lpnu.ua
132,User132,user132@lpnu.ua
133,User133,user133@lpnu.ua
134,User134,user134@lpnu.ua
135,User135,user135@lpnu.ua
136,User136,user136@lpnu.ua
137,User137,user137@lpnu.ua
138,User138,user138@lpnu.ua
139,User139,user139@lpnu.ua
140,User140,user140@lpnu.ua
141,User141,user141@lpnu.ua
142,User142,user142@lpnu.ua
143,User143,user143@lpnu.ua
144,User144,user144@lpnu.ua
145,User145,user145@lpnu.ua
146,User146,user146@lpnu.ua
147,User147,user147@lpnu.ua
148,User148,user148@lpnu.ua
149,User149,user149@lpnu.ua
150,User150,user150@lpnu.ua
151,User151,user151@lpnu.ua
152,User152,user152@lpnu.ua
153,User153,user153@lpnu.ua
154,User154,user154@lpnu.ua
155,User155,user155@lpnu.ua
156,User156,user156@lpnu.ua
157,User157,user157@lpnu.ua
158,User158,user158@lpnu.ua
159,User159,user159@lpnu.ua
160,User160,user160@lpnu.ua
161,User161,user161@lpnu.ua
162,User162,user162@lpnu.ua
163,User163,user163@lpnu.ua
164,User164,user164@lpnu.ua
165,User165,user165@lpnu.ua
166,User166,user166@lpnu.ua
167,User167,user167@lpnu.ua
168,User168,user168@lpnu.ua
169,User169,user169@lpnu.ua
170,User170,user170@lpnu.ua
171,User171,user171@lpnu.ua
172,User172,user172@lpnu.ua
173,User173,user173@lpnu.ua
174,User174,user174@lpnu.ua
175,User175,user175@lpnu.ua
176,User176,user176@lpnu.ua
177,User177,user177@lpnu.ua
178,User178,user178@lpnu.ua
179,User179,user179@lpnu.ua
180,User180,user180@lpnu.ua
181,User181,user181@lpnu.ua
182,User182,user182@lpnu.ua
183,User183,user183@lpnu.ua
184,User184,user184@lpnu.ua
185,User185,user185@lpnu.ua
186,User186,user186@lpnu.ua
187,User187,user187@lpnu.ua
188,User188,user188@lpnu.ua
189,User189,user189@lpnu.ua
190,User190,user190@lpnu.ua
191,User191,user191@lpnu.ua
192,User192,user192@lpnu.ua
193,User193,user193@lpnu.ua
194,User194,user194@lpnu.ua
195,User195,user195@lpnu.ua
196,User196,user196@lpnu.ua
197,User197,user197@lpnu.ua
198,User198,user198@lpnu.ua
199,User199,user199@lpnu.ua
200,User200,user200@lpnu.ua
201,User201,user201@lpnu.ua
202,User202,user202@lpnu.ua
203,User203,user203@lpnu.ua
204,User204,user204@lpnu.ua
205,User205,user205@lpnu.ua
206,User206,user206@lpnu.ua
207,User207,user207@lpnu.ua
208,User208,user208@lpnu.ua
209,User209,user209@lpnu.ua
210,User210,user210@lpnu.ua
211,User211,user211@lpnu.ua
212,User212,user212@lpnu.ua
213,User213,user213@lpnu.ua
214,User214,user214@lpnu.ua
215,User215,user215@lpnu.ua
216,User216,user216@lpnu.ua
217,User217,user217@lpnu.ua
218,User218,user218@lpnu.ua
219,User219,user219@lpnu.ua
220,User220,user220@lpnu.ua
221,User221,user221@lpnu.ua
222,User222,user222@lpnu.ua
223,User223,user223@lpnu.ua
224,User224,user224@lpnu.ua
225,User225,user225@lpnu.ua
226,User226,user226@lpnu.ua
227,User227,user227@lpnu.ua
228,User228,user228@lpnu.ua
229,User229,user229@lpnu.ua
230,User230,user230@lpnu.ua
231,User231,user231@lpnu.ua
232,User232,user232@lpnu.ua
233,User233,user233@lpnu.ua
234,User234,user234@lpnu.ua
235,User235,user235@lpnu.ua
236,User236,user236@lpnu.ua
237,User237,user237@lpnu.ua
238,User238,user238@lpnu.ua
239,User239,user239@lpnu.ua
240,User240,user240@lpnu.ua
241,User241,user241@lpnu.ua
242,User242,user242@lpnu.ua
243,User243,user243@lpnu.ua
244,User244,user244@lpnu.ua
245,User245,user245@lpnu.ua
246,User246,user246@lpnu.ua
247,User247,user247@lpnu.ua
248,User248,user248@lpnu.ua
249,User249,user249@lpnu.ua
250,User250,user250@lpnu.ua
251,User251,user251@lpnu.ua
252,User252,user252@lpnu.ua
253,User253,user253@lpnu.ua
254,User254,user254@lpnu.ua
255,User255,user255@lpnu.ua
256,User256,user256@lpnu.ua
257,User257,user257@lpnu.ua
258,User258,user258@lpnu.ua
259,User259,user259@lpnu.ua
260,User260,user260@lpnu.ua
261,User261,user261@lpnu.ua
262,User262,user262@lpnu.ua
263,User263,user263@lpnu.ua
264,User264,user264@lpnu.ua
265,User265,user265@lpnu.ua
266,User266,user266@lpnu.ua
267,User267,user267@lpnu.ua
268,User268,user268@lpnu.ua
269,User269,user269@lpnu.ua
270,User270,user270@lpnu.ua
271,User271,user271@lpnu.ua
272,User272,user272@lpnu.ua
273,User273,user273@lpnu.ua
274,User274,user274@lpnu.ua
275,User275,user275@lpnu.ua
276,User276,user276@lpnu.ua
277,User277,user277@lpnu.ua
278,User278,user278@lpnu.ua
279,User279,user279@lpnu.ua
280,User280,user280@lpnu.ua
281,User281,user281@lpnu.ua
282,User282,user282@lpnu.ua
283,User283,user283@lpnu.ua
284,User284,user284@lpnu.ua
285,User285,user285@lpnu.ua
286,User286,user286@lpnu.ua
287,User287,user287@lpnu.ua
288,User288,user288@lpnu.ua
289,User289,user289@lpnu.ua
290,User290,user290@lpnu.ua
291,User291,user291@lpnu.ua
292,User292,user292@lpnu.ua
293,User293,user293@lpnu.ua
294,User294,user294@lpnu.ua
295,User295,user295@lpnu.ua
296,User296,user296@lpnu.ua
297,User297,user297@lpnu.ua
298,User298,user298@lpnu.ua
299,User299,user299@lpnu.ua
300,User300,user300@lpnu.ua
301,User301,user301@lpnu.ua
302,User302,user302@lpnu.ua
303,User303,user303@lpnu.ua
304,User304,user304@lpnu.ua
305,User305,user305@lpnu.ua
306,User306,user306@lpnu.ua
307,User307,user307@lpnu.ua
308,User308,user308@lpnu.ua
309,User309,user309@lpnu.ua
310,User310,user310@lpnu.ua
311,User311,user311@lpnu.ua
312,User312,user312@lpnu.ua
313,User313,user313@lpnu.ua
314,User314,user314@lpnu.ua
315,User315,user315@lpnu.ua
316,User316,user316@lpnu.ua
317,User317,user317@lpnu.ua
318,User318,user318@lpnu.ua
319,User319,user319@lpnu.ua
320,User320,user320@lpnu.ua
321,User321,user321@lpnu.ua
322,User322,user322@lpnu.ua
323,User323,user323@lpnu.ua
324,User324,user324@lpnu.ua
325,User325,user325@lpnu.ua
326,User326,user326@lpnu.ua
327,User327,user327@lpnu.ua
328,User328,user328@lpnu.ua
329,User329,user329@lpnu.ua
330,User330,user330@lpnu.ua
331,User331,user331@lpnu.ua
332,User332,user332@lpnu.ua
333,User333,user333@lpnu.ua
334,User334,user334@lpnu.ua
335,User335,user335@lpnu.ua
336,User336,user336@lpnu.ua
337,User337,user337@lpnu.ua
338,User338,user338@lpnu.ua
339,User339,user339@lpnu.ua
340,User340,user340@lpnu.ua
341,User341,user341@lpnu.ua
342,User342,user342@lpnu.ua
343,User343,user343@lpnu.ua
344,User344,user344@lpnu.ua
345,User345,user345@lpnu.ua
346,User346,user346@lpnu.ua
347,User347,user347@lpnu.ua
348,User348,user348@lpnu.ua
349,User349,user349@lpnu.ua
350,User350,user350@lpnu.ua
351,User351,user351@lpnu.ua
352,User352,user352@lpnu.ua
353,User353,user353@lpnu.ua
354,User354,user354@lpnu.ua
355,User355,user355@lpnu.ua
356,User356,user356@lpnu.ua
357,User357,user357@lpnu.ua
358,User358,user358@lpnu.ua
359,User359,user359@lpnu.ua
360,User360,user360@lpnu.ua
361,User361,user361@lpnu.ua
362,User362,user362@lpnu.ua
363,User363,user363@lpnu.ua
364,User364,user364@lpnu.ua
365,User365,user365@lpnu.ua
366,User366,user366@lpnu.ua
367,User367,user367@lpnu.ua
368,User368,user368@lpnu.ua
369,User369,user369@lpnu.ua
370,User370,user370@lpnu.ua
371,User371,user371@lpnu.ua
372,User372,user372@lpnu.ua
373,User373,user373@lpnu.ua
374,User374,user374@lpnu.ua
375,User375,user375@lpnu.ua
376,User376,user376@lpnu.ua
377,User377,user377@lpnu.ua
378,User378,user378@lpnu.ua
379,User379,user379@lpnu.ua
380,User380,user380@lpnu.ua
381,User381,user381@lpnu.ua
382,User382,user382@lpnu.ua
383,User383,user383@lpnu.ua
384,User384,user384@lpnu.ua
385,User385,user385@lpnu.ua
386,User386,user386@lpnu.ua
387,User387,user387@lpnu.ua
388,User388,user388@lpnu.ua
389,User389,user389@lpnu.ua
390,User390,user390@lpnu.ua
391,User391,user391@lpnu.ua
392,User392,user392@lpnu.ua
393,User393,user393@lpnu.ua
394,User394,user394@lpnu.ua
395,User395,user395@lpnu.ua
396,User396,user396@lpnu.ua
397,User397,user397@lpnu.ua
398,User398,user398@lpnu.ua
399,User399,user399@lpnu.ua
400,User400,user400@lpnu.ua
401,User401,user401@lpnu.ua
402,User402,user402@lpnu.ua
403,User403,user403@lpnu.ua
404,User404,user404@lpnu.ua
405,User405,user405@lpnu.ua
406,User406,user406@lpnu.ua
407,User407,user407@lpnu.ua
408,User408,user408@lpnu.ua
409,User409,user409@lpnu.ua
410,User410,user410@lpnu.ua
411,User411,user411@lpnu.ua
412,User412,user412@lpnu.ua
413,User413,user413@lpnu.ua
414,User414,user414@lpnu.ua
415,User415,user415@lpnu.ua
416,User416,user416@lpnu.ua
417,User417,user417@lpnu.ua
418,User418,user418@lpnu.ua
419,User419,user419@lpnu.ua
420,User420,user420@lpnu.ua
421,User421,user421@lpnu.ua
422,User422,user422@lpnu.ua
423,User423,user423@lpnu.ua
424,User424,user424@lpnu.ua
425,User425,user425@lpnu.ua
426,User426,user426@lpnu.ua
427,User427,user427@lpnu.ua
428,User428,user428@lpnu.ua
429,User429,user429@lpnu.ua
430,User430,user430@lpnu.ua
431,User431,user431@lpnu.ua
432,User432,user432@lpnu.ua
433,User433,user433@lpnu.ua
434,User434,user434@lpnu.ua
435,User435,user435@lpnu.ua
436,User436,user436@lpnu.ua
437,User437,user437@lpnu.ua
438,User438,user438@lpnu.ua
439,User439,user439@lpnu.ua
440,User440,user440@lpnu.ua
441,User441,user441@lpnu.ua
442,User442,user442@lpnu.ua
443,User443,user443@lpnu.ua
444,User444,user444@lpnu.ua
445,User445,user445@lpnu.ua
446,User446,user446@lpnu.ua
447,User447,user447@lpnu.ua
448,User448,user448@lpnu.ua
449,User449,user449@lpnu.ua
450,User450,user450@lpnu.ua
451,User451,user451@lpnu.ua
452,User452,user452@lpnu.ua
453,User453,user453@lpnu.ua
454,User454,user454@lpnu.ua
455,User455,user455@lpnu.ua
456,User456,user456@lpnu.ua
457,User457,user457@lpnu.ua
458,User458,user458@lpnu.ua
459,User459,user459@lpnu.ua
460,User460,user460@lpnu.ua
461,User461,user461@lpnu.ua
462,User462,user462@lpnu.ua
463,User463,user463@lpnu.ua
464,User464,user464@lpnu.ua
465,User465,user465@lpnu.ua
466,User466,user466@lpnu.ua
467,User467,user467@lpnu.ua
468,User468,user468@lpnu.ua
469,User469,user469@lpnu.ua
470,User470,user470@lpnu.ua
471,User471,user471@lpnu.ua
472,User472,user472@lpnu.ua
473,User473,user473@lpnu.ua
474,User474,user474@lpnu.ua
475,User475,user475@lpnu.ua
476,User476,user476@lpnu.ua
477,User477,user477@lpnu.ua
478,User478,user478@lpnu.ua
479,User479,user479@lpnu.ua
480,User480,user480@lpnu.ua
481,User481,user481@lpnu.ua
482,User482,user482@lpnu.ua
483,User483,user483@lpnu.ua
484,User484,user484@lpnu.ua
485,User485,user485@lpnu.ua
486,User486,user486@lpnu.ua
487,User487,user487@lpnu.ua
488,User488,user488@lpnu.ua
489,User489,user489@lpnu.ua
490,User490,user490@lpnu.ua
491,User491,user491@lpnu.ua
492,User492,user492@lpnu.ua
493,User493,user493@lpnu.ua
494,User494,user494@lpnu.ua
495,User495,user495@lpnu.ua
496,User496,user496@lpnu.ua
497,User497,user497@lpnu.ua
498,User498,user498@lpnu.ua
499,User499,user499@lpnu.ua
500,User500,user500@lpnu.ua
501,User501,user501@lpnu.ua
502,User502,user502@lpnu.ua
503,User503,user503@lpnu.ua
504,User504,user504@lpnu.ua
505,User505,user505@lpnu.ua
506,User506,user506@lpnu.ua
507,User507,user507@lpnu.ua
508,User508,user508@lpnu.ua
509,User509,user509@lpnu.ua
510,User510,user510@lpnu.ua
511,User511,user511@lpnu.ua
512,User512,user512@lpnu.ua
513,User513,user513@lpnu.ua
514,User514,user514@lpnu.ua
515,User515,user515@lpnu.ua
516,User516,user516@lpnu.ua
517,User517,user517@lpnu.ua
518,User518,user518@lpnu.ua
519,User519,user519@lpnu.ua
520,User520,user520@lpnu.ua
521,User521,user521@lpnu.ua
522,User522,user522@lpnu.ua
523,User523,user523@lpnu.ua
524,User524,user524@lpnu.ua
525,User525,user525@lpnu.ua
526,User526,user526@lpnu.ua
527,User527,user527@lpnu.ua
528,User528,user528@lpnu.ua
529,User529,user529@lpnu.ua
530,User530,user530@lpnu.ua
531,User531,user531@lpnu.ua
532,User532,user532@lpnu.ua
533,User533,user533@lpnu.ua
534,User534,user534@lpnu.ua
535,User535,user535@lpnu.ua
536,User536,user536@lpnu.ua
537,User537,user537@lpnu.ua
538,User538,user538@lpnu.ua
539,User539,user539@lpnu.ua
540,User540,user540@lpnu.ua
541,User541,user541@lpnu.ua
542,User542,user542@lpnu.ua
543,User543,user543@lpnu.ua
544,User544,user544@lpnu.ua
545,User545,user545@lpnu.ua
546,User546,user546@lpnu.ua
547,User547,user547@lpnu.ua
548,User548,user548@lpnu.ua
549,User549,user549@lpnu.ua
550,User550,user550@lpnu.ua
551,User551,user551@lpnu.ua
552,User552,user552@lpnu.ua
553,User553,user553@lpnu.ua
554,User554,user554@lpnu.ua
555,User555,user555@lpnu.ua
556,User556,user556@lpnu.ua
557,User557,user557@lpnu.ua
558,User558,user558@lpnu.ua
559,User559,user559@lpnu.ua
560,User560,user560@lpnu.ua
561,User561,user561@lpnu.ua
562,User562,user562@lpnu.ua
563,User563,user563@lpnu.ua
564,User564,user564@lpnu.ua
565,User565,user565@lpnu.ua
566,User566,user566@lpnu.ua
567,User567,user567@lpnu.ua
568,User568,user568@lpnu.ua
569,User569,user569@lpnu.ua
570,User570,user570@lpnu.ua
571,User571,user571@lpnu.ua
572,User572,user572@lpnu.ua
573,User573,user573@lpnu.ua
574,User574,user574@lpnu.ua
575,User575,user575@lpnu.ua
576,User576,user576@lpnu.ua
577,User577,user577@lpnu.ua
578,User578,user578@lpnu.ua
579,User579,user579@lpnu.ua
580,User580,user580@lpnu.ua
581,User581,user581@lpnu.ua
582,User582,user582@lpnu.ua
583,User583,user583@lpnu.ua
584,User584,user584@lpnu.ua
585,User585,user585@lpnu.ua
586,User586,user586@lpnu.ua
587,User587,user587@lpnu.ua
588,User588,user588@lpnu.ua
589,User589,user589@lpnu.ua
590,User590,user590@lpnu.ua
591,User591,user591@lpnu.ua
592,User592,user592@lpnu.ua
593,User593,user593@lpnu.ua
594,User594,user594@lpnu.ua
595,User595,user595@lpnu.ua
596,User596,user596@lpnu.ua
597,User597,user597@lpnu.ua
598,User598,user598@lpnu.ua
599,User599,user599@lpnu.ua
600,User600,user600@lpnu.ua
601,User601,user601@lpnu.ua
602,User602,user602@lpnu.ua
603,User603,user603@lpnu.ua
604,User604,user604@lpnu.ua
605,User605,user605@lpnu.ua
606,User606,user606@lpnu.ua
607,User607,user607@lpnu.ua
608,User608,user608@lpnu.ua
609,User609,user609@lpnu.ua
610,User610,user610@lpnu.ua
611,User611,user611@lpnu.ua
612,User612,user612@lpnu.ua
613,User613,user613@lpnu.ua
614,User614,user614@lpnu.ua
615,User615,user615@lpnu.ua
616,User616,user616@lpnu.ua
617,User617,user617@lpnu.ua
618,User618,user618@lpnu.ua
619,User619,user619@lpnu.ua
620,User620,user620@lpnu.ua
621,User621,user621@lpnu.ua
622,User622,user622@lpnu.ua
623,User623,user623@lpnu.ua
624,User624,user624@lpnu.ua
625,User625,user625@lpnu.ua
626,User626,user626@lpnu.ua
627,User627,user627@lpnu.ua
628,User628,user628@lpnu.ua
629,User629,user629@lpnu.ua
630,User630,user630@lpnu.ua
631,User631,user631@lpnu.ua
632,User632,user632@lpnu.ua
633,User633,user633@lpnu.ua
634,User634,user634@lpnu.ua
635,User635,user635@lpnu.ua
636,User636,user636@lpnu.ua
637,User637,user637@lpnu.ua
638,User638,user638@lpnu.ua
639,User639,user639@lpnu.ua
640,User640,user640@lpnu.ua
641,User641,user641@lpnu.ua
642,User642,user642@lpnu.ua
643,User643,user643@lpnu.ua
644,User644,user644@lpnu.ua
645,User645,user645@lpnu.ua
646,User646,user646@lpnu.ua
647,User647,user647@lpnu.ua
648,User648,user648@lpnu.ua
649,User649,user649@lpnu.ua
650,User650,user650@lpnu.ua
651,User651,user651@lpnu.ua
652,User652,user652@lpnu.ua
653,User653,user653@lpnu.ua
654,User654,user654@lpnu.ua
655,User655,user655@lpnu.ua
656,User656,user656@lpnu.ua
657,User657,user657@lpnu.ua
658,User658,user658@lpnu.ua
659,User659,user659@lpnu.ua
660,User660,user660@lpnu.ua
661,User661,user661@lpnu.ua
662,User662,user662@lpnu.ua
663,User663,user663@lpnu.ua
664,User664,user664@lpnu.ua
665,User665,user665@lpnu.ua
666,User666,user666@lpnu.ua
667,User667,user667@lpnu.ua
668,User668,user668@lpnu.ua
669,User669,user669@lpnu.ua
670,User670,user670@lpnu.ua
671,User671,user671@lpnu.ua
672,User672,user672@lpnu.ua
673,User673,user673@lpnu.ua
674,User674,user674@lpnu.ua
675,User675,user675@lpnu.ua
676,User676,user676@lpnu.ua
677,User677,user677@lpnu.ua
678,User678,user678@lpnu.ua
679,User679,user679@lpnu.ua
680,User680,user680@lpnu.ua
681,User681,user681@lpnu.ua
682,User682,user682@lpnu.ua
683,User683,user683@lpnu.ua
684,User684,user684@lpnu.ua
685,User685,user685@lpnu.ua
686,User686,user686@lpnu.ua
687,User687,user687@lpnu.ua
688,User688,user688@lpnu.ua
689,User689,user689@lpnu.ua
690,User690,user690@lpnu.ua
691,User691,user691@lpnu.ua
692,User692,user692@lpnu.ua
693,User693,user693@lpnu.ua
694,User694,user694@lpnu.ua
695,User695,user695@lpnu.ua
696,User696,user696@lpnu.ua
697,User697,user697@lpnu.ua
698,User698,user698@lpnu.ua
699,User699,user699@lpnu.ua
700,User700,user700@lpnu.ua
701,User701,user701@lpnu.ua
702,User702,user702@lpnu.ua
703,User703,user703@lpnu.ua
704,User704,user704@lpnu.ua
705,User705,user705@lpnu.ua
706,User706,user706@lpnu.ua
707,User707,user707@lpnu.ua
708,User708,user708@lpnu.ua
709,User709,user709@lpnu.ua
710,User710,user710@lpnu.ua
711,User711,user711@lpnu.ua
712,User712,user712@lpnu.ua
713,User713,user713@lpnu.ua
714,User714,user714@lpnu.ua
715,User715,user715@lpnu.ua
716,User716,user716@lpnu.ua
717,User717,user717@lpnu.ua
718,User718,user718@lpnu.ua
719,User719,user719@lpnu.ua
720,User720,user720@lpnu.ua
721,User721,user721@lpnu.ua
722,User722,user722@lpnu.ua
723,User723,user723@lpnu.ua
724,User724,user724@lpnu.ua
725,User725,user725@lpnu.ua
726,User726,user726@lpnu.ua
727,User727,user727@lpnu.ua
728,User728,user728@lpnu.ua
729,User729,user729@lpnu.ua
730,User730,user730@lpnu.ua
731,User731,user731@lpnu.ua
732,User732,user732@lpnu.ua
733,User733,user733@lpnu.ua
734,User734,user734@lpnu.ua
735,User735,user735@lpnu.ua
736,User736,user736@lpnu.ua
737,User737,user737@lpnu.ua
738,User738,user738@lpnu.ua
739,User739,user739@lpnu.ua
740,User740,user740@lpnu.ua
741,User741,user741@lpnu.ua
742,User742,user742@lpnu.ua
743,User743,user743@lpnu.ua
744,User744,user744@lpnu.ua
745,User745,user745@lpnu.ua
746,User746,user746@lpnu.ua
747,User747,user747@lpnu.ua
748,User748,user748@lpnu.ua
749,User749,user749@lpnu.ua
750,User750,user750@lpnu.ua
751,User751,user751@lpnu.ua
752,User752,user752@lpnu.ua
753,User753,user753@lpnu.ua
754,User754,user754@lpnu.ua
755,User755,user755@lpnu.ua
756,User756,user756@lpnu.ua
757,User757,user757@lpnu.ua
758,User758,user758@lpnu.ua
759,User759,user759@lpnu.ua
760,User760,user760@lpnu.ua
761,User761,user761@lpnu.ua
762,User762,user762@lpnu.ua
763,User763,user763@lpnu.ua
764,User764,user764@lpnu.ua
765,User765,user765@lpnu.ua
766,User766,user766@lpnu.ua
767,User767,user767@lpnu.ua
768,User768,user768@lpnu.ua
769,User769,user769@lpnu.ua
770,User770,user770@lpnu.ua
771,User771,user771@lpnu.ua
772,User772,user772@lpnu.ua
773,User773,user773@lpnu.ua
774,User774,user774@lpnu.ua
775,User775,user775@lpnu.ua
776,User776,user776@lpnu.ua
777,User777,user777@lpnu.ua
778,User778,user778@lpnu.ua
779,User779,user779@lpnu.ua
780,User780,user780@lpnu.ua
781,User781,user781@lpnu.ua
782,User782,user782@lpnu.ua
783,User783,user783@lpnu.ua
784,User784,user784@lpnu.ua
785,User785,user785@lpnu.ua
786,User786,user786@lpnu.ua
787,User787,user787@lpnu.ua
788,User788,user788@lpnu.ua
789,User789,user789@lpnu.ua
790,User790,user790@lpnu.ua
791,User791,user791@lpnu.ua
792,User792,user792@lpnu.ua
793,User793,user793@lpnu.ua
794,User794,user794@lpnu.ua
795,User795,user795@lpnu.ua
796,User796,user796@lpnu.ua
797,User797,user797@lpnu.ua
798,User798,user798@lpnu.ua
799,User799,user799@lpnu.ua
800,User800,user800@lpnu.ua
801,User801,user801@lpnu.ua
802,User802,user802@lpnu.ua
803,User803,user803@lpnu.ua
804,User804,user804@lpnu.ua
805,User805,user805@lpnu.ua
806,User806,user806@lpnu.ua
807,User807,user807@lpnu.ua
808,User808,user808@lpnu.ua
809,User809,user809@lpnu.ua
810,User810,user810@lpnu.ua
811,User811,user811@lpnu.ua
812,User812,user812@lpnu.ua
813,User813,user813@lpnu.ua
814,User814,user814@lpnu.ua
815,User815,user815@lpnu.ua
816,User816,user816@lpnu.ua
817,User817,user817@lpnu.ua
818,User818,user818@lpnu.ua
819,User819,user819@lpnu.ua
820,User820,user820@lpnu.ua
821,User821,user821@lpnu.ua
822,User822,user822@lpnu.ua
823,User823,user823@lpnu.ua
824,User824,user824@lpnu.ua
825,User825,user825@lpnu.ua
826,User826,user826@lpnu.ua
827,User827,user827@lpnu.ua
828,User828,user828@lpnu.ua
829,User829,user829@lpnu.ua
830,User830,user830@lpnu.ua
831,User831,user831@lpnu.ua
832,User832,user832@lpnu.ua
833,User833,user833@lpnu.ua
834,User834,user834@lpnu.ua
835,User835,user835@lpnu.ua
836,User836,user836@lpnu.ua
837,User837,user837@lpnu.ua
838,User838,user838@lpnu.ua
839,User839,user839@lpnu.ua
840,User840,user840@lpnu.ua
841,User841,user841@lpnu.ua
842,User842,user842@lpnu.ua
843,User843,user843@lpnu.ua
844,User844,user844@lpnu.ua
845,User845,user845@lpnu.ua
846,User846,user846@lpnu.ua
847,User847,user847@lpnu.ua
848,User848,user848@lpnu.ua
849,User849,user849@lpnu.ua
850,User850,user850@lpnu.ua
851,User851,user851@lpnu.ua
852,User852,user852@lpnu.ua
853,User853,user853@lpnu.ua
854,User854,user854@lpnu.ua
855,User855,user855@lpnu.ua
856,User856,user856@lpnu.ua
857,User857,user857@lpnu.ua
858,User858,user858@lpnu.ua
859,User859,user859@lpnu.ua
860,User860,user860@lpnu.ua
861,User861,user861@lpnu.ua
862,User862,user862@lpnu.ua
863,User863,user863@lpnu.ua
864,User864,user864@lpnu.ua
865,User865,user865@lpnu.ua
866,User866,user866@lpnu.ua
867,User867,user867@lpnu.ua
868,User868,user868@lpnu.ua
869,User869,user869@lpnu.ua
870,User870,user870@lpnu.ua
871,User871,user871@lpnu.ua
872,User872,user872@lpnu.ua
873,User873,user873@lpnu.ua
874,User874,user874@lpnu.ua
875,User875,user875@lpnu.ua
876,User876,user876@lpnu.ua
877,User877,user877@lpnu.ua
878,User878,user878@lpnu.ua
879,User879,user879@lpnu.ua
880,User880,user880@lpnu.ua
881,User881,user881@lpnu.ua
882,User882,user882@lpnu.ua
883,User883,user883@lpnu.ua
884,User884,user884@lpnu.ua
885,User885,user885@lpnu.ua
886,User886,user886@lpnu.ua
887,User887,user887@lpnu.ua
888,User888,user888@lpnu.ua
889,User889,user889@lpnu.ua
890,User890,user890@lpnu.ua
891,User891,user891@lpnu.ua
892,User892,user892@lpnu.ua
893,User893,user893@lpnu.ua
894,User894,user894@lpnu.ua
895,User895,user895@lpnu.ua
896,User896,user896@lpnu.ua
897,User897,user897@lpnu.ua
898,User898,user898@lpnu.ua
899,User899,user899@lpnu.ua
900,User900,user900@lpnu.ua
901,User901,user901@lpnu.ua
902,User902,user902@lpnu.ua
903,User903,user903@lpnu.ua
904,User904,user904@lpnu.ua
905,User905,user905@lpnu.ua
906,User906,user906@lpnu.ua
907,User907,user907@lpnu.ua
908,User908,user908@lpnu.ua
909,User909,user909@lpnu.ua
910,User910,user910@lpnu.ua
911,User911,user911@lpnu.ua
912,User912,user912@lpnu.ua
913,User913,user913@lpnu.ua
914,User914,user914@lpnu.ua
915,User915,user915@lpnu.ua
916,User916,user916@lpnu.ua
917,User917,user917@lpnu.ua
918,User918,user918@lpnu.ua
919,User919,user919@lpnu.ua
920,User920,user920@lpnu.ua
921,User921,user921@lpnu.ua
922,User922,user922@lpnu.ua
923,User923,user923@lpnu.ua
924,User924,user924@lpnu.ua
925,User925,user925@lpnu.ua
926,User926,user926@lpnu.ua
927,User927,user927@lpnu.ua
928,User928,user928@lpnu.ua
929,User929,user929@lpnu.ua
930,User930,user930@lpnu.ua
931,User931,user931@lpnu.ua
932,User932,user932@lpnu.ua
933,User933,user933@lpnu.ua
934,User934,user934@lpnu.ua
935,User935,user935@lpnu.ua
936,User936,user936@lpnu.ua
937,User937,user937@lpnu.ua
938,User938,user938@lpnu.ua
939,User939,user939@lpnu.ua
940,User940,user940@lpnu.ua
941,User941,user941@lpnu.ua
942,User942,user942@lpnu.ua
943,User943,user943@lpnu.ua
944,User944,user944@lpnu.ua
945,User945,user945@lpnu.ua
946,User946,user946@lpnu.ua
947,User947,user947@lpnu.ua
948,User948,user948@lpnu.ua
949,User949,user949@lpnu.ua
950,User950,user950@lpnu.ua
951,User951,user951@lpnu.ua
952,User952,user952@lpnu.ua
953,User953,user953@lpnu.ua
954,User954,user954@lpnu.ua
955,User955,user955@lpnu.ua
956,User956,user956@lpnu.ua
957,User957,user957@lpnu.ua
958,User958,user958@lpnu.ua
959,User959,user959@lpnu.ua
960,User960,user960@lpnu.ua
961,User961,user961@lpnu.ua
962,User962,user962@lpnu.ua
963,User963,user963@lpnu.ua
964,User964,user964@lpnu.ua
965,User965,user965@lpnu.ua
966,User966,user966@lpnu.ua
967,User967,user967@lpnu.ua
968,User968,user968@lpnu.ua
969,User969,user969@lpnu.ua
970,User970,user970@lpnu.ua
971,User971,user971@lpnu.ua
972,User972,user972@lpnu.ua
973,User973,user973@lpnu.ua
974,User974,user974@lpnu.ua
975,User975,user975@lpnu.ua
976,User976,user976@lpnu.ua
977,User977,user977@lpnu.ua
978,User978,user978@lpnu.ua
979,User979,user979@lpnu.ua
980,User980,user980@lpnu.ua
981,User981,user981@lpnu.ua
982,User982,user982@lpnu.ua
983,User983,user983@lpnu.ua
984,User984,user984@lpnu.ua
985,User985,user985@lpnu.ua
986,User986,user986@lpnu.ua
987,User987,user987@lpnu.ua
988,User988,user988@lpnu.ua
989,User989,user989@lpnu.ua
990,User990,user990@lpnu.ua
991,User991,user991@lpnu.ua
992,User992,user992@lpnu.ua
993,User993,user993@lpnu.ua
994,User994,user994@lpnu.ua
995,User995,user995@lpnu.ua
996,User996,user996@lpnu.ua
997,User997,user997@lpnu.ua
998,User998,user998@lpnu.ua
999,User999,user999@lpnu.ua
1000,User1000,user1000@lpnu.ua
